first_name,last_name,job_title,department,email,address,phone_number,salary,password
Calvin,Jones,"Teacher, music",Sports administrator,tammy80@example.net,Kingborough,+1-830-418-9958x1074,119595,zQbYjEWDy6
Tara,Wilson,Chief of Staff,Chief of Staff,jermainefoster@example.net,Debbieberg,261.764.3166x639,88457,AoNPhccCO5
Abigail,Holt,"Sound technician, broadcasting/film/video",Petroleum engineer,caitlin34@example.com,Pollardhaven,(980)308-9268x7285,84146,OngwxfEKCm
Christopher,Freeman,Drilling engineer,Meteorologist,amyyoung@example.net,Cameronton,+1-830-288-4613x7937,105245,9sVMVsKIdS
Thomas,Martin,Garment/textile technologist,Counselling psychologist,robert62@example.com,North Michael,342.976.7761,102580,ntRWPQgOyM
Timothy,Morrow,Herbalist,"Radiographer, diagnostic",matthew18@example.org,Sanchezfort,+1-745-742-2704x8202,54642,mfLHrLekgv
Erik,Frank,Publishing rights manager,Seismic interpreter,brendawilson@example.com,Adamsburgh,935-609-3034,89624,Li3Y2TdJcI
Amber,Orozco,Barrister,Copy,andrea40@example.org,West Margaret,790.715.4651x24641,46677,jvLypXpIOy
Mary,Graves,"Therapist, sports","Geologist, wellsite",zhall@example.com,West Donald,(236)373-3696x7929,39869,k5wlQNscpB
Brittany,Ward,Clothing/textile technologist,Photographer,raymondsmith@example.net,South Heather,8208314282,94304,UGhsVrXInB
Cathy,Winters,"Engineer, biomedical",Cytogeneticist,allisonrhodes@example.org,South Carlymouth,830-373-2115x2948,85429,dhXsmMoy4a
Julie,Wilson,Commercial horticulturist,"Lecturer, higher education",awilliams@example.org,East Bradley,+1-232-479-3013,115930,04yoG1IJSO
Lisa,Hendrix,Electrical engineer,"Engineer, materials",deannapierce@example.org,Brownshire,(935)478-8585x238,64206,Fz6Vq47P4A
Lauren,Garcia,"Administrator, education",Senior tax professional/tax inspector,butlertina@example.org,Underwoodside,9914154848,90456,iv5ef0qOdZ
Taylor,Shaffer,"Engineer, structural",Trade union research officer,hkelly@example.com,West Vickie,(251)310-7788x23762,63678,b2oc52603o
Willie,Mcknight,Radiation protection practitioner,"Engineer, structural",jsmith@example.org,Thomaschester,(335)473-4233x51886,52761,gHFxWe5bzf
Peter,Smith,"Nurse, learning disability",Broadcast presenter,ricardoolsen@example.com,North Kathryn,952-710-6531,102132,RayOKn93LX
Brittney,Evans,Emergency planning/management officer,"Therapist, nutritional",shernandez@example.com,Jamesland,(660)731-2449,88725,ciUNnWr5OH
Amy,Perry,Management consultant,"Conservator, furniture",davidmason@example.org,Eileenton,4046192293,117440,Zpe9zOdnV5
Andre,Medina,Water engineer,Lexicographer,huntermcclure@example.com,Lake Marymouth,852.642.6646,57093,MXrcqmwxA4
Carl,Sweeney,Neurosurgeon,"Engineer, control and instrumentation",hardyrachel@example.com,Port Patriciafort,001-772-830-6633x595,40829,r9rRAHaTP4
Emily,Logan,"Designer, textile",Dancer,carlos00@example.net,North Anita,515-595-8556x841,110435,RE5aPYcxKU
Robert,Smith,Immigration officer,Public relations account executive,valdezanthony@example.org,Leahton,001-690-959-1232x10746,87690,6aXKDFDAzQ
Charles,Diaz,"Designer, exhibition/display",Graphic designer,brian21@example.org,Lake Bruceview,(865)777-0113x43446,83798,nb1CZ5zboy
Alexandra,Adams,Trade union research officer,Waste management officer,terri59@example.org,Ashleystad,814-950-6163,88136,or9ChoX5LT
David,Simon,Microbiologist,Youth worker,gary55@example.org,West Scott,(922)571-9180x77192,71322,NGEJeOEOG5
Bill,Bailey,"Development worker, international aid",Trading standards officer,itaylor@example.org,New Stefanie,+1-864-240-8382x318,118877,kTLZWq9AHh
Stacey,Villanueva,Market researcher,Broadcast engineer,nathaniel90@example.com,Nicholasport,+1-650-803-9071,87850,3vYhFnDPf0
Elizabeth,Miller,Probation officer,Planning and development surveyor,ystephens@example.net,South Angelafort,825.368.5767,77136,3dt8mlMv9d
James,Blair,Clothing/textile technologist,Personal assistant,wilsondaniel@example.org,East Sarafurt,(627)990-3637x77567,36193,uD1mOBYsd3
Stanley,Rodriguez,"Geologist, wellsite","Loss adjuster, chartered",heidimccarthy@example.org,Williamshire,+1-830-540-6683x2756,71102,4DNTRgVd0A
Jorge,Clark,Civil Service fast streamer,Water engineer,dfaulkner@example.net,Cortezville,(545)576-9386x62571,73792,iYZlkB31zz
Ashley,Burgess,Theatre director,"Scientist, forensic",tylermatthews@example.com,Timothymouth,201-347-1608,83982,r5pqKTFDxJ
Sonia,Bush,Software engineer,Chartered loss adjuster,bradleymoore@example.net,Lake Meredith,805-262-4389,76808,tLuddkLGKi
Sally,Howard,Data processing manager,Firefighter,angela01@example.net,Port Justinland,977.515.2979,102369,vR3wuYJLKx
Nicole,Bowman,Fish farm manager,Food technologist,fisherchelsea@example.net,Garciaside,001-232-811-1388x05769,69359,TJMAKR9ekH
Ronald,Lopez,Ergonomist,Telecommunications researcher,roberthall@example.net,North Jacqueline,(213)412-9835x96787,30960,A3h5UIAx04
Robert,Sanchez,Building control surveyor,Arboriculturist,jimchavez@example.com,East Robert,463-574-1346x857,76320,cCdpGnmqew
Anthony,Melton,Chief Technology Officer,Government social research officer,xhoward@example.net,Port Williamchester,(832)312-3523,97583,IJVjXkjBc2
Matthew,Patel,"Psychologist, educational","Teacher, English as a foreign language",meganpeterson@example.com,Jenniferport,+1-342-356-4258x0051,109008,6NoVCdN6KM
Whitney,Carter,Administrator,Arts development officer,ellisonjeremy@example.org,Port Jeffreybury,001-901-945-1468x3757,102294,zBcJyfTWYk
Ronald,Clark,Arboriculturist,Higher education careers adviser,jenniferwarner@example.com,Katherineville,700.950.0853x2409,82004,tnaR7HN2Rw
Joy,Love,"Geneticist, molecular",Television/film/video producer,lacey90@example.net,Walterview,308.578.2862x77812,89029,NykzpQ3oct
Andrea,Hansen,"Therapist, speech and language",Public relations officer,hrodriguez@example.org,Port Linda,001-678-230-5452x825,44587,jVASuPAIjk
David,Brewer,Data processing manager,"Programmer, applications",justinjones@example.com,Lake Benjamin,7329124263,102049,0btijMTRLk
Amy,Welch,"Biochemist, clinical",Drilling engineer,mary71@example.net,Port Sonia,(754)931-9884,106446,ZIKb8PoZLL
Victor,Castillo,Analytical chemist,Systems developer,bryanraymond@example.org,Holmesberg,+1-530-467-2563x88292,104221,Dnw1RyxaA8
James,Miller,Learning disability nurse,"Administrator, sports",gonzaleztracy@example.com,Aguilarside,300.516.5679x710,36389,wF3dDxI7TV
Kayla,Berry,Photographer,Information officer,michaelbrown@example.net,West Bill,(513)668-6878x61931,115124,BdkjVDP8Yx
Bryce,Ray,Tax inspector,"Surveyor, building control",jennifer37@example.org,West Amyberg,(280)668-2993x96220,69697,11HnEke17V
Joseph,Taylor,Records manager,Bookseller,duncanscott@example.net,Drakefurt,388.732.8310x50238,89266,qldfwX1zHu
Randy,Fox,Police officer,Air broker,vincent10@example.com,Kelseytown,(268)965-2230x819,82988,hhRNFDrAuo
David,Johnson,Naval architect,Trade mark attorney,scottmiranda@example.org,Port Brendafurt,575-824-6246x661,35186,ACYrsr1AZ6
Shannon,Pugh,Glass blower/designer,Horticultural therapist,joycemeza@example.org,Jeffreyland,(511)431-1695,62544,aR5pea03Vb
Nicholas,Butler,"Engineer, civil (contracting)","Administrator, charities/voluntary organisations",yrobinson@example.com,West Jenniferland,342.667.1042x707,103335,8CYk8Hi1Ve
Michelle,Gutierrez,Chartered public finance accountant,Therapeutic radiographer,bakerlisa@example.net,Rodriguezstad,(575)895-1311x6920,91574,9UYVENjtth
Tara,Vasquez,Local government officer,"Presenter, broadcasting",gtyler@example.net,New Matthewland,917.624.3067x18564,102253,77CC4RaKH7
Gary,Small,"Engineer, civil (contracting)",Industrial/product designer,qbell@example.com,Anthonyton,(413)477-3537x4123,107880,ioNvsj4Dl3
Robert,Phillips,Copy,Orthoptist,ppage@example.com,Markport,+1-617-958-2714x155,59695,h4VGXmzTCU
Kirsten,Shaffer,"Conservator, museum/gallery",Hydrologist,blackgregory@example.com,Ginatown,3135002233,89056,Acvv5VAYDv
Tara,Davis,Music tutor,Ophthalmologist,amandaholland@example.net,Tiffanyside,288-827-4236x8845,42536,183bWW4rYB
Amy,Taylor,Manufacturing engineer,Seismic interpreter,madelinereid@example.org,Port John,001-480-506-2352x628,74481,ocUQkVPaZb
Alejandro,Travis,"Conservator, furniture",Risk manager,jordanjones@example.net,South Sean,(645)771-0602,32832,cND6dxi8IO
James,Ferguson,Operations geologist,"Designer, textile",clarkkelli@example.com,Lake Brittanyville,794-974-8442x10128,96264,w9yDPGf1Gv
William,Carter,"Administrator, education",Counsellor,klee@example.com,Jenniferside,760.826.1986x4437,91232,byqDVeprd9
John,Williams,Estate manager/land agent,"Production assistant, television",hansenlisa@example.org,Potterland,293-322-4178x677,71431,dffWZM94vT
Seth,Alexander,"Accountant, chartered management",Logistics and distribution manager,michaelcalhoun@example.org,Port Debra,(579)389-1013x335,50097,MloVSP3q6o
Lori,Fowler,"Therapist, music",Company secretary,lunajonathan@example.net,Castrotown,001-624-498-9072,42184,n4eV7554hu
Gary,Hamilton,"Engineer, civil (consulting)","Therapist, occupational",hchapman@example.com,New Williamburgh,419-878-0901,110333,dbkFffB9pn
Matthew,Alexander,Chief Technology Officer,Museum/gallery exhibitions officer,kenneth01@example.org,Petersonshire,922-630-9578x20031,62650,DsoNveIyJh
Sharon,Hooper,"Engineer, chemical",Higher education lecturer,bwilson@example.org,New Sara,(578)710-4718x475,112518,zVOZh7DLep
Mitchell,Thompson,Brewing technologist,"Programmer, multimedia",johnsonerica@example.com,Port Davidtown,704-715-4097x213,74677,mdqmghbpYP
Gregory,Banks,"Therapist, occupational","Surveyor, minerals",cchandler@example.com,West Alecfort,(426)914-1550,53892,Nbo4m8vFsU
Ashley,Floyd,Environmental health practitioner,Accommodation manager,amanda32@example.org,East David,572-488-4248,49098,c6LAREFlyS
Brenda,Moyer,Herbalist,Geoscientist,nhartman@example.org,North Martinborough,+1-582-935-7088,115342,mmRetvXBLq
Rebecca,Davis,Research scientist (medical),Commissioning editor,carrie68@example.com,Lawrenceside,769-384-9890x58423,69080,hIV8VZ0vts
Levi,Hays,Horticultural consultant,"Scientist, marine",aprilallen@example.net,West Robertport,586-324-2663x1550,73651,dmJlcDqUit
Kevin,Singh,Holiday representative,Maintenance engineer,rmoss@example.com,Port Brooke,589-833-3966,35730,eFQFB2XWxL
Andrew,Hale,Volunteer coordinator,Glass blower/designer,samuelgordon@example.com,South Bradleyborough,(541)578-9970x910,48460,fhQjTX2yFs
Jane,King,Chartered loss adjuster,Retail merchandiser,cchan@example.net,Jenkinsfort,(817)353-4411x946,40382,vo7zjimWnR
Debra,Gray,Sports development officer,Multimedia programmer,gavinjackson@example.org,North Danafurt,981.862.5806x64639,76022,vDVUkvRtCe
Natasha,Salinas,Armed forces technical officer,Building services engineer,fwilliams@example.org,New Michelle,(329)253-8699x4912,108178,qnEfwNow7S
Kimberly,Jones,Cytogeneticist,Amenity horticulturist,hpope@example.net,North Mary,435-593-8440x9632,115609,qOQy31PvSk
Brandon,Castro,Investment analyst,"Chemist, analytical",reginald31@example.net,Ericaton,+1-319-770-2293x2809,50989,QOw1V5ceNR
Kevin,Burns,Accommodation manager,Travel agency manager,sharpdavid@example.org,Castanedaberg,613.984.4006,76855,3Vnd229q8r
Thomas,Harris,"Pharmacist, hospital",Physiological scientist,alexislee@example.org,East Elizabeth,940-893-9612x56731,33219,S3uCZVZNbD
Michelle,Benton,Commercial/residential surveyor,Naval architect,bharper@example.com,Lake Jamesfort,+1-423-649-8736x16888,90128,FKnnMSjRSY
Christopher,Gonzalez,General practice doctor,"Exhibitions officer, museum/gallery",beckjeremy@example.net,Port Williamshire,+1-472-884-0857,96636,hh4quuuncf
Sheryl,Lee,Gaffer,Air traffic controller,susanthomas@example.com,Gutierrezborough,895.396.5913x092,109648,ifiVjEBp2W
Diane,Medina,Theatre director,Emergency planning/management officer,stewartteresa@example.com,Anthonymouth,(461)402-8056x4916,49289,ItJnshbYl7
Kenneth,Foster,Proofreader,Health and safety adviser,ptucker@example.com,South Joetown,+1-910-212-6813x7644,115256,gRqFZaCyMI
Barry,Rivera,Newspaper journalist,"Designer, interior/spatial",wrightjason@example.net,South Williamchester,001-577-579-3495x68720,89433,5xVx4nv7BT
Alexandra,Day,Telecommunications researcher,"Administrator, local government",lduarte@example.com,North Marychester,751-654-0918x691,31582,6bfKSjuuz4
Teresa,Bailey,"Geologist, engineering",Secondary school teacher,cheryl38@example.net,New Kim,+1-563-247-1318x6026,58734,mcYG9jnBiA
Joshua,Dominguez,"Therapist, speech and language",Petroleum engineer,ileonard@example.org,South Anthonymouth,(616)693-2714x43733,38931,N39XEwclOW
Maria,Romero,"Embryologist, clinical",Clinical biochemist,williamtran@example.org,Jackieview,(319)568-4052,118986,yyB6A705Q8
Patricia,Mendez,Interior and spatial designer,Passenger transport manager,justinharris@example.com,Lake Ashley,(545)424-5042,89329,1pVOsicUAG
Tyrone,Alvarez,Radio broadcast assistant,"Engineer, chemical",michelle60@example.com,South Peter,+1-962-867-0447,67283,fG06itDpOa
Jesus,Santiago,Press photographer,Art therapist,jessica63@example.net,Hansonville,751.690.9902,111328,pQiNBzDPQe
Veronica,Scott,Fish farm manager,Computer games developer,huntbenjamin@example.com,Bowenshire,216.582.2251x8390,56294,Y87GSTaE7Q
